USE [Invoices]
GO

/****** Object: Table [dbo].[Address] ******/

INSERT INTO [dbo].[Address]
           ([Street]
           ,[Postal_Code]
           ,[City])
     VALUES
			('578-8279 Eu Av.','59195','Mainz'),
			('793-9748 Sit St.','24438','Munich'),
			('Ap #494-7622 Id Rd.','99315','Berlin'),
			('8971 Neque. Av.','27284','Bingen'),
			('346-8185 Suspendisse St.','86813','Bremen'),
			('P.O. Box 665, 6497 Cursus Road','23287','Dietzenbach'),
			('383-7758 Pellentesque Av.','37015','Nuremberg'),
			('P.O. Box 363, 8829 Nunc Ave','76793','Limbach-Oberfrohna'),
			('208-7529 Commodo Rd.','44882','Hamburg'),
			('5131 Quis Avenue','37291','Lampertheim'),
			('Ap #247-5422 Consectetuer Avenue','77707','Nuremberg'),
			('2892 Orci St.','31447','Garbsen'),
			('261-348 Vivamus Street','45417','Anklam'),
			('Ap #758-2946 Amet, Avenue','25644','Neumünster'),
			('Ap #892-7434 Sem Street','41861','Hamburg'),
			('Ap #542-7765 Mauris, Rd.','52126','Friedrichsdorf'),
			('Ap #563-3596 Consequat Street','52524','Glauchau'),
			('846-5292 Mauris. St.','28609','Hamburg'),
			('Ap #653-755 Donec Av.','06483','Wismar'),
			('Ap #914-5763 Ac St.','11036','Delmenhorst'),
			('Ap #254-7744 Et, Rd.','67051','Augsburg'),
			('701-7041 Risus. Ave','37258','Berlin'),
			('132-4630 Non St.','36278','Kleinmachnow'),
			('Ap #792-9026 Sed Avenue','45748','Bremen'),
			('301-1230 Enim. St.','78370','Wunstorf'),
			('935 Consequat St.','25812','Trier'),
			('Ap #540-4399 Nunc Ave','87494','Hof'),
			('Ap #748-8755 Erat Rd.','57871','Münster'),
			('Ap #332-5709 Risus. Rd.','81150','Schwäbisch Gmünd'),
			('566-3177 Fringilla Avenue','81373','Fürstenwalde'),
			('229-2828 Dolor Rd.','10290','Berlin'),
			('400-8073 Proin Avenue','70223','Weiterstadt'),
			('2905 Rhoncus. Avenue','95119','Frankfurt am Main'),
			('754-1870 Morbi St.','37742','Merzig'),
			('Ap #310-298 Tincidunt Ave','72331','Neu-Ulm'),
			('P.O. Box 971, 8096 Dolor Road','21514','Berlin'),
			('665-2311 Quis Rd.','78431','Blieskastel'),
			('Ap #507-9144 Accumsan Road','73152','Dreieich'),
			('Ap #396-3964 Tincidunt Rd.','22256','Pinneberg'),
			('449 Sit Av.','33741','Heppenheim'),
			('Ap #646-2658 Libero Road','16875','Freiburg'),
			('Ap #551-3783 Donec Av.','85718','Bremerhaven'),
			('Ap #554-453 Eu Rd.','84724','Bad Kreuznach'),
			('Ap #641-2843 Dapibus Rd.','84783','Dillenburg'),
			('9528 Enim. St.','65463','Bad Vilbel'),
			('Ap #867-2781 Odio. Avenue','87560','Wedel'),
			('P.O. Box 743, 1451 Sed St.','51451','Friedrichshafen'),
			('Ap #405-2370 Lorem Av.','41861','Frankenthal'),
			('P.O. Box 821, 7849 Id, Ave','77413','Bad Dürkheim'),
			('595-2901 Pede. Avenue','25286','Bremen'),
			('Ap #917-686 Est. Road','76325','Friedrichshafen'),
			('3143 A Avenue','87522','Waren'),
			('Ap #231-7637 Mollis. St.','42172','Berlin'),
			('599-3099 Aliquam Av.','73501','Berlin'),
			('162-461 Magna Ave','67704','Prenzlau'),
			('Ap #327-1705 Amet Road','45883','Goslar'),
			('4887 Enim. St.','63061','Blankenfelde-Mahlow'),
			('P.O. Box 326, 765 Mauris. Av.','61448','Berlin'),
			('Ap #818-1431 Porttitor St.','47268','Göppingen'),
			('4261 Nisl. Ave','54648','Berlin'),
			('Ap #295-9381 Nunc Rd.','53352','Düsseldorf'),
			('243-8481 Eget, Avenue','90251','Bad Hersfeld'),
			('816-1261 Neque Av.','59539','Güstrow'),
			('5135 Enim Street','38031','Leverkusen'),
			('614-6239 Dictum St.','93562','Freising'),
			('9142 Tincidunt St.','60487','Hamburg'),
			('644-6180 At, St.','57971','Karlsruhe'),
			('P.O. Box 845, 9256 Sed Avenue','47322','Itzehoe'),
			('8675 Aliquet Street','22356','Zittau'),
			('Ap #572-7725 Augue Rd.','33681','Speyer'),
			('647-928 Nulla Rd.','86646','Wolfsburg'),
			('P.O. Box 703, 7174 Tellus. Road','36154','Villingen-Schwenningen'),
			('819-8583 Ridiculus St.','29484','Germersheim'),
			('Ap #814-2949 Amet, Ave','44834','Glauchau'),
			('491-903 Volutpat St.','91763','Bremerhaven'),
			('774-7211 Vel, Ave','31391','Senftenberg'),
			('P.O. Box 243, 9978 Enim, Street','18256','Göttingen'),
			('P.O. Box 430, 7909 Aliquam St.','15237','Bayreuth'),
			('Ap #914-2050 Elit Rd.','37962','Bremerhaven'),
			('Ap #395-5631 Orci Ave','41246','Bergisch Gladbach'),
			('265-410 Ultrices St.','36114','Pirmasens'),
			('372-6370 Posuere Rd.','22546','Bautzen'),
			('6303 Fringilla. St.','72624','Bremen'),
			('828-4618 Eu Street','75071','Hohen Neuendorf'),
			('P.O. Box 831, 9818 Malesuada Rd.','39363','Flensburg'),
			('175-1310 Sem Road','63867','Germersheim'),
			('Ap #166-3897 Integer St.','03440','Freiburg'),
			('Ap #563-7122 Dictum Rd.','56639','Göppingen'),
			('Ap #446-8825 Enim Street','12933','Bremerhaven'),
			('Ap #139-6617 Erat Road','63354','Munich'),
			('920-2289 Ipsum. Rd.','58123','Parchim	City'),
			('340-4666 Arcu. St.','83628','Oberursel'),
			('993-9935 Porta Av.','14977','Lehrte'),
			('516-5503 At St.','27878','Fürstenwalde'),
			('979-4481 Fringilla Av.','89346','Sindelfingen'),
			('Ap #426-2600 Quis Street','38377','Hennigsdorf'),
			('7976 Amet, Rd.','27898','Schwäbisch Gmünd'),
			('984-1300 Suspendisse St.','32277','Püttlingen'),
			('Ap #184-2384 Et, Ave','41221','Gelsenkirchen'),
			('Ap #173-5035 Integer Av.','63452','Bremerhaven');
GO

/****** Object: Table [dbo].[Tax] ******/

INSERT INTO [dbo].[Tax]
           ([Name]
           ,[Description])
     VALUES
           ('Mehrwertsteuer Deutschland' ,'Die Mehrwertsteuer (abgekürzt MwSt., auch Mw.-St., in der Schweiz MWST, englisch value-added tax VAT, französisch TVA taxe sur la valeur ajoutée) ist eine auf mehreren Stufen der Wertschöpfung erhobene Steuer, für deren Festsetzung die Einnahmen von Unternehmen mit Ausgaben der Unternehmen verrechnet werden.'),
		   ('Mehrwertsteuer Schweiz', 'Die Mehrwertsteuer für Geschäfte, die auch in der Schweiz einen Zweig haben.');
GO

/****** Object: Table [dbo].[Service] ******/

INSERT INTO [dbo].[Service]
			([Name]
           ,[Description])
     VALUES
			('Graphic design', ''),
			('Tax preparation', ''),
			('Data entry', ''),
			('Software programming', ''),
			('Beta testing', ''),
			('Website design', ''),
			('Gig work', ''),
			('Food delivery', '');
GO

/****** Object: Table [dbo].[Invoice_Status] ******/

INSERT INTO [dbo].[Invoice_Status]
           ([Label]
           ,[Description])
     VALUES
           ('Created', ''),
		   ('Sent', ''),
		   ('Paid', '');
GO

/****** Object: Table [dbo].[Person] ******/

INSERT INTO [dbo].[Person]
           ([First_Name]
           ,[Last_Name]
           ,[Address_Id]
           ,[Work_E_Mail_Address]
           ,[Personal_E_Mail_Address]
           ,[Work_Phone_Number]
           ,[Home_Phone_Number])
     VALUES
			('Kenneth','Marsh',28,'habitant.morbi@google.edu','malesuada.ut@icloud.net','(05945) 2561108','(0664) 90428426'),
			('Sandra','Sharp',22,'vivamus@yahoo.edu','curabitur@protonmail.edu','(085) 91103351','(094) 45502432'),
			('Solomon','Perez',77,'massa.lobortis.ultrices@google.net','neque.venenatis@icloud.ca','(035454) 376449','(06155) 9574252'),
			('Britanni','Wallace',49,'mus.aenean@outlook.org','at.auctor@google.com','(037740) 509052','(011) 83878225'),
			('Benedict','Lindsay',54,'natoque@aol.com','rutrum.lorem@icloud.couk','(031359) 052664','(026) 80631226'),
			('Shad','French',60,'tortor.at@hotmail.net','cras.lorem.lorem@icloud.com','(033156) 768272','(0917) 73964247'),
			('Orli','Phelps',14,'lacus.etiam@aol.ca','commodo@aol.net','(0966) 74460537','(020) 11636602'),
			('Eugenia','Kelley',31,'duis@icloud.org','sit.amet@yahoo.ca','(0305) 50812410','(035) 61785888'),
			('Chloe','Estes',40,'nibh@yahoo.ca','accumsan.laoreet@hotmail.edu','(01238) 2751727','(055) 05521754'),
			('Abbot','Crane',81,'vitae.sodales@protonmail.edu','integer.vitae.nibh@protonmail.org','(00533) 9616816','(06393) 8003625'),
			('Martena','Sweeney',73,'vehicula.risus@protonmail.couk','erat.etiam@hotmail.ca','(066) 97356932','(035668) 275824'),
			('Deirdre','Thornton',69,'pellentesque.habitant@protonmail.couk','blandit.at@hotmail.net','(072) 42066397','(046) 03729375'),
			('Isadora','Hamilton',13,'gravida.sagittis@protonmail.ca','aliquam@google.org','(0755) 14991831','(06688) 3106864'),
			('Catherine','Acevedo',14,'lectus.sit@aol.ca','tincidunt.adipiscing@hotmail.org','(052) 15588187','(037714) 661818'),
			('Angela','Webster',95,'mi.ac@google.net','parturient.montes@outlook.com','(067) 74476246','(005) 56788338'),
			('Thaddeus','Morse',23,'nonummy.ipsum@protonmail.couk','integer.mollis@google.org','(067) 66772714','(0371) 56874460'),
			('McKenzie','Harmon',42,'pede.cras@google.couk','lobortis.quis@protonmail.com','(01003) 0674838','(035705) 117971'),
			('Rina','Watkins',65,'egestas.a@icloud.org','a.mi@hotmail.edu','(05359) 0771314','(035842) 838244'),
			('Brent','Nielsen',8,'et@google.org','risus.at@icloud.com','(04808) 4506325','(038033) 289173'),
			('Curran','Strickland',19,'aliquet.proin.velit@outlook.edu','vitae.aliquet@aol.org','(030464) 423111','(06118) 4242123'),
			('Ciaran','Grant',29,'luctus.ipsum.leo@protonmail.net','lorem.donec@outlook.couk','(0665) 82324717','(096) 28342641'),
			('Noelani','Wise',24,'faucibus@outlook.org','egestas.aliquam.fringilla@outlook.ca','(034) 75464882','(033641) 563519'),
			('Nyssa','Bullock',56,'nisl.nulla@hotmail.com','aliquam@yahoo.org','(032444) 262715','(0846) 31109091'),
			('Keegan','Baird',61,'suspendisse.non@google.com','ac.mattis@yahoo.com','(0587) 52678692','(0429) 89355178'),
			('Rebekah','Lott',80,'magna.lorem@protonmail.couk','aliquet@hotmail.edu','(0933) 44306809','(079) 65274194'),
			('Inez','Head',25,'phasellus.at.augue@icloud.com','lorem.ut@protonmail.net','(02516) 0027594','(037821) 391255'),
			('Austin','Jacobs',65,'eget@outlook.org','proin.dolor@aol.net','(032439) 264966','(0150) 67948457'),
			('Brett','Nelson',82,'adipiscing.lacus@icloud.couk','mi.fringilla@protonmail.edu','(08800) 5847598','(037) 44682134'),
			('Sydney','Moss',16,'sed@google.ca','donec.vitae@aol.org','(0202) 16961336','(032440) 139048'),
			('Eric','Collins',45,'mauris@hotmail.com','tellus.lorem@google.edu','(086) 63300332','(049) 97627118'),
			('Carlos','Moody',92,'egestas.urna.justo@aol.org','leo.vivamus.nibh@yahoo.couk','(00902) 2930820','(04837) 5075232'),
			('Alisa','Coleman',36,'pede.nonummy@outlook.couk','felis.eget@outlook.net','(038689) 081377','(032253) 846451'),
			('Garth','Clayton',54,'mollis.dui.in@outlook.edu','orci@icloud.net','(075) 63075341','(0237) 46406226'),
			('Colby','Pugh',54,'aliquam@icloud.net','nunc.ac@protonmail.ca','(0432) 36527815','(0829) 77800045'),
			('Micah','Parks',36,'in.faucibus@yahoo.couk','aliquet.libero@yahoo.net','(071) 65886661','(070) 13475923'),
			('Anika','Moore',21,'aliquet.metus@google.com','sociis.natoque@yahoo.ca','(088) 73009589','(01066) 0325642'),
			('Shaeleigh','Frye',25,'fusce@yahoo.ca','ligula.nullam@icloud.com','(05872) 4150202','(06401) 2245178'),
			('Oprah','Wyatt',28,'nec.tempus@aol.org','pellentesque.habitant@aol.org','(033210) 988963','(036310) 157662'),
			('Jordan','Greer',52,'eu.ultrices@icloud.couk','posuere.enim.nisl@protonmail.org','(0853) 16373131','(061) 82223826'),
			('Nell','Horne',60,'adipiscing@yahoo.com','aliquet.proin.velit@aol.com','(031774) 081467','(0421) 45706851'),
			('Tate','Welch',54,'ut@protonmail.net','curabitur.vel@hotmail.edu','(0267) 34193734','(08112) 5141672'),
			('Sheila','Mosley',56,'justo.faucibus.lectus@hotmail.couk','mauris.sagittis@google.net','(0232) 65611902','(0453) 61448004'),
			('Zahir','Wiggins',66,'auctor.non@aol.net','velit.cras@google.org','(035444) 399435','(0874) 80834475'),
			('Imelda','Shields',76,'neque.morbi@yahoo.ca','turpis.in@yahoo.org','(09388) 1680575','(0317) 61845944'),
			('Tiger','Hurst',13,'porta@icloud.edu','vivamus.sit.amet@google.net','(03875) 9245203','(037616) 651672'),
			('Serina','May',49,'non.dapibus.rutrum@icloud.couk','integer.in.magna@icloud.net','(0721) 14560346','(083) 66750140'),
			('Dillon','Meyers',75,'odio.phasellus.at@icloud.org','ut.pharetra@google.com','(032248) 327483','(03914) 7310488'),
			('Cameron','Petty',68,'sed.nulla@yahoo.couk','egestas@hotmail.edu','(030972) 866615','(034153) 859351'),
			('Dolan','Gross',75,'ut.nisi@google.com','massa.mauris@icloud.edu','(032706) 041181','(031167) 937874'),
			('Alexander','Allison',9,'auctor@outlook.ca','ornare.egestas.ligula@hotmail.couk','(035886) 043508','(039) 15744717'),
			('Constance','Kirk',71,'tortor.nibh@protonmail.org','purus@hotmail.couk','(01923) 5325491','(01787) 2847568'),
			('Yasir','Dean',62,'tincidunt@google.org','sed.est.nunc@outlook.com','(09443) 8913353','(063) 72812277'),
			('Xander','Reid',42,'at@yahoo.ca','quam.a.felis@hotmail.couk','(085) 87310442','(034257) 671873'),
			('Yardley','Wilkerson',51,'ante.ipsum@outlook.ca','orci.sem@protonmail.com','(06956) 2099610','(0912) 78717114'),
			('Blossom','Todd',30,'odio.nam@google.ca','lorem.vehicula.et@hotmail.org','(036524) 353151','(05571) 4856404'),
			('Maggy','Knight',45,'scelerisque.neque@protonmail.com','turpis@yahoo.net','(093) 13251366','(039363) 425811'),
			('Randall','Taylor',49,'mauris.molestie.pharetra@hotmail.edu','ipsum@protonmail.couk','(035391) 330441','(04414) 8545231'),
			('Jerry','Pitts',73,'non@icloud.couk','vehicula@icloud.edu','(0287) 89548088','(086) 54470985'),
			('Rhonda','Pitts',87,'natoque.penatibus@outlook.net','fusce@google.org','(038225) 204662','(05166) 6541455'),
			('Thomas','Bowers',24,'condimentum.eget.volutpat@outlook.couk','a.dui@outlook.couk','(0676) 11436962','(043) 75112257'),
			('Ryan','Gardner',72,'semper@google.edu','ipsum@protonmail.ca','(027) 31263664','(031134) 704338'),
			('Madeson','Walton',57,'eget.venenatis.a@google.couk','mauris.id@yahoo.couk','(08474) 5642369','(0651) 22413622'),
			('Tanya','Powell',12,'in@protonmail.ca','sit.amet@aol.org','(031841) 484887','(0747) 05261100'),
			('Amal','Holmes',89,'semper.et.lacinia@yahoo.net','ultricies.adipiscing@google.com','(043) 73327735','(07585) 4154719'),
			('Paki','Shaffer',8,'eu.lacus.quisque@icloud.com','lorem@outlook.com','(0904) 32751152','(0705) 86793438'),
			('India','Reed',11,'elit.nulla.facilisi@outlook.net','vel.convallis@yahoo.org','(032) 88659866','(0001) 51828261'),
			('Michael','Snider',54,'risus.quis@aol.net','aenean.eget@hotmail.com','(035161) 378426','(037832) 641147'),
			('Shelby','Bauer',73,'enim.mi@yahoo.couk','adipiscing.non@google.org','(010) 89153182','(06651) 8846341'),
			('Samuel','Brock',76,'nibh.enim.gravida@protonmail.couk','aliquet.phasellus.fermentum@hotmail.couk','(069) 58307685','(02367) 8545375'),
			('Amena','Harrison',61,'odio.a@outlook.ca','nullam.velit@yahoo.edu','(08674) 7484176','(057) 55247393'),
			('Kirestin','Schroeder',16,'penatibus@hotmail.com','penatibus.et@aol.ca','(076) 09680649','(0447) 50216855'),
			('Candice','Reilly',49,'risus.odio@icloud.couk','libero.nec@google.ca','(04573) 9659152','(0452) 16403873'),
			('Gavin','Harvey',60,'erat.sed@protonmail.edu','eleifend.egestas.sed@icloud.edu','(088) 49637245','(067) 54215135'),
			('Silas','Wade',76,'vulputate.ullamcorper@aol.couk','dis.parturient@aol.edu','(01456) 7752132','(04224) 6112166'),
			('Dane','Compton',58,'semper@yahoo.net','mollis.lectus.pede@protonmail.edu','(04786) 7806488','(031712) 479023'),
			('Benedict','Cardenas',87,'morbi.vehicula.pellentesque@yahoo.ca','venenatis.vel.faucibus@google.com','(0311) 17205430','(011) 84957362'),
			('Sylvia','Donaldson',77,'eu.enim@outlook.ca','purus@google.org','(067) 95289285','(03035) 8570316'),
			('Damian','Moore',6,'morbi.tristique.senectus@yahoo.edu','metus.aenean@aol.com','(056) 24742931','(0741) 91609282'),
			('Gray','Santos',86,'fames@icloud.edu','vivamus@google.couk','(0258) 97151712','(044) 13828664'),
			('Thaddeus','Hebert',89,'diam.at.pretium@outlook.couk','elit.fermentum@google.com','(031651) 621422','(011) 22353328'),
			('Porter','Fuentes',43,'erat.vel@hotmail.couk','odio@google.couk','(064) 67737678','(031) 25654055'),
			('Eaton','Swanson',89,'metus.sit@icloud.net','dui@aol.couk','(024) 49740423','(033338) 727217'),
			('Meghan','Ward',72,'mattis.cras@outlook.org','erat.eget@hotmail.net','(0688) 62315213','(0712) 13075630'),
			('Nash','Aguirre',65,'hendrerit.donec@icloud.com','quam.quis.diam@hotmail.edu','(00379) 1995374','(07396) 6425373'),
			('Upton','Levine',2,'risus@outlook.org','duis@icloud.net','(011) 58654708','(0509) 82672233'),
			('Gregory','Downs',16,'commodo.at.libero@protonmail.net','neque@yahoo.edu','(032186) 432882','(0906) 41751603'),
			('Karen','Flynn',58,'amet.massa@yahoo.net','placerat.cras.dictum@icloud.net','(02658) 3872028','(052) 39326246'),
			('Mara','Banks',38,'euismod.ac@yahoo.couk','accumsan.laoreet.ipsum@protonmail.com','(023) 62697151','(07979) 9722759'),
			('Portia','Mooney',19,'nulla@yahoo.org','a.purus.duis@google.ca','(043) 40256072','(038147) 854832'),
			('Kirk','Ayala',55,'senectus@google.couk','eget.lacus@aol.edu','(091) 42356222','(094) 78825764'),
			('Fallon','Barrett',91,'risus.nulla@icloud.ca','lorem.ut@icloud.org','(051) 63314447','(031782) 352101'),
			('Julian','Estes',81,'suspendisse@hotmail.ca','gravida@aol.ca','(09372) 6437653','(032705) 379755'),
			('Flynn','Bennett',60,'orci.in@icloud.com','mattis.cras.eget@yahoo.ca','(01758) 7178663','(069) 71361130'),
			('Zeph','Henderson',56,'leo@google.couk','nunc@aol.org','(08462) 2143754','(035015) 473561'),
			('Ivor','Washington',72,'ut.pharetra.sed@aol.com','interdum.enim@hotmail.ca','(07643) 7110304','(046) 23117304'),
			('Jordan','Gamble',60,'commodo.hendrerit@yahoo.ca','dui.fusce@icloud.ca','(0865) 83384111','(0799) 58895013'),
			('Maggie','Lott',28,'porttitor.tellus@hotmail.net','auctor.non@icloud.ca','(090) 16522381','(087) 44033778'),
			('Nicole','Todd',55,'elementum.at@google.com','auctor@icloud.org','(033855) 863385','(036) 46874124'),
			('Hadley','Yang',17,'elit.dictum@icloud.edu','orci.lacus.vestibulum@aol.org','(0864) 36448186','(032691) 475314'),
			('Gisela','Erickson',28,'fermentum.fermentum@protonmail.ca','massa@icloud.com','(0242) 38254751','(01820) 1458506');
GO

/****** Object: Table [dbo].[Financial_Entity_Structure] ******/

INSERT INTO [dbo].[Financial_Entity_Structure]
           ([Name]
           ,[One_Person_Business])
     VALUES
           ('GmbH', 0),
		   ('AG', 0),
		   ('UG', 0),
		   ('Einzelunternehmen', 1);
GO

/****** Object: Table [dbo].[Financial_Entity] ******/

INSERT INTO [dbo].[Financial_Entity]
           ([Name]
           ,[Structure_Id]
           ,[Employee_Amount]
           ,[Address_Id])
     VALUES
			('Dolor LLC',3,29,9),
		    ('Eros Turpis Non Associates',1,6,44),
			('Enim Corporation',4,1,25),
			('Nec Urna Suscipit Industries',2,41,3),
			('Dolor Corp.',1,47,70),
			('Sem Eget Massa Foundation',2,33,78),
			('Ante Iaculis Ltd',2,3,69),
			('Aliquet Nec LLP',1,21,14),
			('Quis Pede Ltd',1,4,12),
			('Malesuada Fames Ac Corporation',2,2,82),
			('Proin Ultrices PC',1,43,56),
			('Urna Corporation',2,49,15),
			('Ut PC',3,34,31),
			('Sit Amet Ltd',2,41,34),
			('Maecenas Iaculis Inc.',3,41,32),
			('Amet Massa Quisque Limited',3,30,23),
			('Ultricies Dignissim Lacus Corporation',3,16,16),
			('Eu Tempor Institute',3,48,69),
			('Malesuada Id Erat Corp.',1,34,48),
			('Urna Nunc Quis LLC',2,50,35),
			('Sapien Corporation',4,1,47),
			('Mollis Lectus Pede Foundation',1,19,96),
			('Congue Elit Limited',2,9,35),
			('Enim Nisl Elementum Corp.',2,44,23),
			('A Sollicitudin Institute',3,18,71),
			('Facilisi Sed LLC',3,3,15),
			('Amet Diam Corp.',3,12,89),
			('Pede Et Risus Associates',2,41,90),
			('Mauris Non Dui Foundation',3,40,59),
			('Erat Eget Consulting',3,26,83),
			('Non Lorem Ltd',2,11,80),
			('Dolor Dolor Limited',2,5,94),
			('Risus In Mi LLP',3,12,89),
			('Sapien Nunc Incorporated',3,8,28),
			('Non Egestas A Inc.',2,9,64),
			('Ultricies Adipiscing Enim Associates',4,1,92),
			('Nunc Ltd',4,1,73),
			('Sem Inc.',2,44,21),
			('Nascetur Industries',2,24,87),
			('In Lobortis Industries',3,7,20),
			('Rutrum Lorem Ac Industries',3,2,83),
			('Enim Fusce Institute',4,1,87),
			('Pede Sagittis Ltd',1,20,2),
			('Ut Mi Duis Foundation',2,21,19),
			('Risus Consulting',3,33,70),
			('Dui Semper Corp.',3,39,54),
			('Nunc Mauris Sapien Industries',2,31,58),
			('Massa Vestibulum PC',3,24,32),
			('Nulla Facilisi Limited',2,18,76),
			('Egestas Urna Justo Associates',2,20,73),
			('Lacinia Orci Inc.',3,2,17),
			('Pellentesque A Associates',1,9,22),
			('Volutpat Nulla Corp.',3,13,89),
			('Lacinia Sed LLC',2,20,79),
			('Etiam PC',3,32,83),
			('Amet Institute',1,9,23),
			('Urna Corp.',2,2,30),
			('Tempor Incorporated',3,17,2),
			('Quis Tristique Ac PC',3,22,46),
			('Nullam Lobortis Ltd',1,34,10),
			('Eu Eros Nam PC',2,44,11),
			('Libero Donec Ltd',4,27,65),
			('Cursus LLP',2,32,87),
			('Imperdiet Ullamcorper Corp.',2,30,65),
			('Elit Sed Consequat Industries',2,47,78),
			('In Lorem Industries',1,34,99),
			('Nunc Id Enim Incorporated',4,9,72),
			('Nunc Sed Corporation',2,34,66),
			('Justo Sit Inc.',3,10,46),
			('Dui Augue Eu Limited',2,28,80),
			('Mollis Inc.',3,7,18),
			('Aliquam Gravida Foundation',3,23,25),
			('Semper Auctor Mauris Limited',4,1,51),
			('A Scelerisque LLP',1,5,7),
			('In Molestie Tortor LLC',2,18,59),
			('Tincidunt Adipiscing Institute',1,35,39),
			('In Cursus LLP',3,25,5),
			('Dapibus Quam Quis LLP',1,45,43),
			('In Condimentum PC',3,33,83),
			('Tortor Nunc Commodo Ltd',3,7,17),
			('Ante Iaculis Incorporated',2,27,41),
			('Metus In Foundation',2,2,51),
			('Amet Ltd',3,5,66),
			('Fermentum Metus Foundation',1,41,19),
			('Mauris Incorporated',3,34,82),
			('Elit Fermentum Consulting',2,36,26),
			('Eget Nisi Consulting',2,26,10),
			('Ante Vivamus Corp.',2,20,21),
			('Aliquet Libero Associates',2,11,63),
			('Proin Incorporated',4,1,3),
			('Mauris Erat Limited',1,9,68),
			('Elit Pede Industries',3,45,72),
			('Ad Litora Incorporated',2,44,57),
			('Ridiculus Mus Proin Ltd',2,22,13),
			('Nec Tempus Consulting',3,15,80),
			('Aliquam Eros Corp.',1,36,66),
			('Sollicitudin Adipiscing Ligula Foundation',2,13,22),
			('Commodo Auctor Velit Corporation',2,38,94),
			('Egestas Incorporated',3,40,95),
			('Luctus Vulputate Nisi PC',3,13,27);
GO

/****** Object: Table [dbo].[Business_Bank_Account] ******/

INSERT INTO [dbo].[Business_Bank_Account]
           ([Account_Holder]
           ,[Bank_Name]
           ,[Iban]
           ,[Bank_Identifier_Code])
     VALUES
			('Nicole Strickland','Stadtsparkasse München','MK28784343858131138','J4U6C528G67'),
			('Ayanna House','Deutsche Bank','LB68586109564880383819871136','T1M6E826V87'),
			('Phelan Scott','Deutsche Bank','ME86180448124389767417','V4H8T104K75'),
			('Willa Bailey','Stadtsparkasse München','LB54236458841785408214701338','T1L8G244O29'),
			('Lavinia Hamilton','Stadtsparkasse München','MC3332528397861580046372215','X4J4O364S70'),
			('Kirby Hendrix','Stadtsparkasse München','SM8173424636683557730457664','V1T7J352N72'),
			('Derek Castro','Stadtsparkasse München','SK7260919484451621238534','X4W2B714D63'),
			('Regina Hays','Stadtsparkasse München','EE107626463877321926','T7E0K446Q55'),
			('Lee Morrison','Deutsche Bank','CZ8792626758476414251413','I6X2E237E12'),
			('Selma Mclean','Deutsche Bank','EE665062434388778557','X1W3A727J72'),
			('Rafael Jefferson','Deutsche Bank','RO50YEKY9934157595829525','J1N2F046J50'),
			('Joelle Pierce','Deutsche Bank','DK3536192812929936','A9L5E805X70'),
			('Hall Norton','Stadtsparkasse München','HU38767178684741837950986622','G6U1M870R97'),
			('Cailin Vasquez','Deutsche Bank','GR6867047530364858371520012','M4X4X319I77'),
			('Darryl Short','Stadtsparkasse München','FO6952940561267383','A8B4Z504C46'),
			('Darrel House','Deutsche Bank','LU987865224624793741','S9P9O532S11'),
			('Honorato Foreman','Stadtsparkasse München','PS726807243681727474066071334','V2B6F934H74'),
			('Joelle Kim','Stadtsparkasse München','NO0996871637547','B1O5Y325K36'),
			('Price Beard','Stadtsparkasse München','MR8464345977556263731671834','D6V5M091Z24'),
			('Kiona Preston','Stadtsparkasse München','LT282911546393449739','F3N2V213I56'),
			('Amir Barker','Deutsche Bank','NL61OMPK1711371331','E3U2Z771G68'),
			('Carissa Richard','Stadtsparkasse München','SM9613975899878946527746708','S7O4U629Y27'),
			('Clinton Stafford','Stadtsparkasse München','DE30562916439753517956','F7H7H572F42'),
			('Orlando Craig','Deutsche Bank','DE92431663197184124222','M8G4G126P84'),
			('Denton Eaton','Stadtsparkasse München','LU778650484798534333','M5I7H189D78'),
			('Jayme Stevens','Stadtsparkasse München','TN5966692031881275914136','H8E6U224A18'),
			('Hanna Burgess','Stadtsparkasse München','GE30135413560711483486','P2Q6T116R84'),
			('Celeste Warner','Deutsche Bank','TN0308486031429548326376','H3U9C863M54'),
			('Yoshio Cantu','Stadtsparkasse München','ME04385668865395297094','S8S2N177S56'),
			('Herrod Brock','Deutsche Bank','FO0236352317392678','F3W3P768Y57'),
			('Dorian Nash','Deutsche Bank','GL0656758686170832','Y6V5Y846X41'),
			('Dillon Hunter','Deutsche Bank','BE62913426373151','Z3V0A814L81'),
			('Anthony Cummings','Stadtsparkasse München','MR4413686444879421144908237','M4D1K956I73'),
			('Yasir Marsh','Stadtsparkasse München','SA8492209434217288358411','Y5S8U816Y47'),
			('Doris Valencia','Stadtsparkasse München','AZ60273865714810253056223453','N1F8B213K60'),
			('Charde Berry','Deutsche Bank','LT196561242406249644','I7J0H873T74'),
			('Leslie Johnson','Stadtsparkasse München,Deutsche','GT06361332378554553651636593','M9D8P752S15'),
			('Maggy Norris','München,Deutsche Bank','LT442852183477568011','J5H9K271K43'),
			('Lars Petty','Stadtsparkasse München,Deutsche','MD4119257451166235167506','J5Z3L849T46'),
			('Melodie Orr','Deutsche Bank','AT134869448658417677','U0B5W077L63'),
			('Edan Combs','Deutsche Bank','CY83864707225308283768242572','F2P2C865B32'),
			('Geraldine Dunlap','Deutsche Bank','IS411838671798436525221444','G2Q8V932H71'),
			('Ezekiel Cleveland','Deutsche Bank','IS733184949360849005454327','N4Y1V886M21'),
			('Adam Petersen','Stadtsparkasse München','HU39471583317114108967562547','C9R7E018K83'),
			('Zahir Cherry','Stadtsparkasse München','HU49396474168362024906251788','L4L8X654K91'),
			('Brynn Meadows','Stadtsparkasse München','FR1972584846742766286276337','E7N3F610J71'),
			('Rosalyn Church','Deutsche Bank','BG79VXDL28876891149415','B4D3A947B42'),
			('Moses Good','Deutsche Bank','BA441171646180594507','E9M3C972C67'),
			('Pamela Gilliam','Deutsche Bank','NL06VZVP1353388564','R4M1T435K39'),
			('Robin Morales','Deutsche Bank','LT837858914181490364','P8C3Q042G69'),
			('Aidan Joyner','Stadtsparkasse München','PL73626669841052763661537753','Y7J3X153P75'),
			('Rae Clay','München,Deutsche Bank','GI50QLPL668847951837338','L0Q4X228S71'),
			('Britanney Robles','Deutsche Bank','KW5612433422078317376007765535','N4X1Y118T63'),
			('Dara Mcintyre','Stadtsparkasse München','MD6167989298852913216234','Q1P6O134D36'),
			('Victoria Velasquez','Deutsche Bank','LT526987554413432778','A5V2R426T46'),
			('Hoyt Dickson','Deutsche Bank','AT845097089514408483','U8J1Q552I45'),
			('Alvin Kline','Deutsche Bank','GR8954254049841718584976791','Y4Q1L665Y18'),
			('Evelyn Collins','Deutsche Bank','LB38649218576020716713338116','G5G5I499C26'),
			('Tad Rowland','Deutsche Bank','CY55349043896951246125854683','Q3B1A823A66'),
			('Jordan Sherman','Deutsche Bank','GI37XOPD574814854382111','F4J7V665L96'),
			('Abbot Fitzpatrick','Deutsche Bank','ES8486114682877663613364','J3R5A171W36'),
			('Idola Farley','Deutsche Bank','FR7402086282517248479945540','U3K8B569U54'),
			('Lana Harrison','Stadtsparkasse München','NO5017524633538','M4M1S735L82'),
			('Clayton Grimes','Stadtsparkasse München','NL60EKHR5186678335','Y6Y9Q763M38'),
			('Jorden Schultz','Deutsche Bank','LI4339664288981784511','R3R5N683K77'),
			('Quinlan Campos','Deutsche Bank','KZ351612272350212344','K5G7X640C65'),
			('Noble Roy','Deutsche Bank','GL1386415604264853','D4O6V227P31'),
			('Hadassah Spears','Deutsche Bank','LV76PSUO1278981992771','W0C7H158D40'),
			('Athena Sanchez','Stadtsparkasse München','LV38GQQI9513471841418','F8N2U573N69'),
			('Ivy Beard','Stadtsparkasse München','NO5604158575563','W7V7R701L12'),
			('Alexander Ayers','Deutsche Bank','PS697254410512827531424810623','M1W5J496V15'),
			('Allistair Camacho','Stadtsparkasse München','BA137353012495248576','F4M7N770G34'),
			('Illana Miller','Stadtsparkasse München','SK1202805329481570096314','D1Q8G914B63'),
			('Jermaine Henry','Deutsche Bank','NO4140277824857','P1B3X827Q86'),
			('Cecilia Kelley','Stadtsparkasse München','MC4824637443634853344273124','X7F3D312B52'),
			('Reece Armstrong','Stadtsparkasse München','SA3214527466873262648392','B6Q6E255C48'),
			('Madonna Walls','Stadtsparkasse München','PK2146936134318474771683','F7N8G567E21'),
			('Nina Stone','Deutsche Bank','GI20KILP272961506912124','B7G1J432E30'),
			('Alika Stephens','Stadtsparkasse München','MR5863546639631643485898654','B8C2K494B45'),
			('Chandler Sparks','Stadtsparkasse München','MT28YOSH26215428557614656220742','P6L8F662W47'),
			('Dieter Christensen','Deutsche Bank','CH4762760576960852953','L6Q6Y244K36'),
			('Keegan Gillespie','Deutsche Bank','PK6610615133196014216835','S8H2S952N83'),
			('Pandora Dalton','Deutsche Bank','MT10QRAR18185868745093455689555','T6J1D227H46'),
			('Brock Gutierrez','Stadtsparkasse München','SE9765674364227245225517','C3F7O553U56'),
			('Cameron Farrell','Deutsche Bank','GL4662639477621627','R9D9L556S40'),
			('Lane Simmons','Stadtsparkasse München','ES2848133848477788311528','H8W0H958N77'),
			('Kuame Garrison','Stadtsparkasse München','GL8434224751564162','A3I2G378O35'),
			('Jaquelyn Best','Stadtsparkasse München','SA6272353235623509587562','C1W6Q414D35'),
			('Juliet Kramer','Stadtsparkasse München','LV95MQMB3768252738790','K3E9Y825O44'),
			('Edan Donovan','Deutsche Bank','KZ881146123821247506','R4J8O982R42'),
			('Yuli Gilbert','Deutsche Bank','SA3326343816782376687766','T7V4E177P25'),
			('Gay Cummings','Stadtsparkasse München','HR7137087765623556976','Q6L3X766U88'),
			('Ivory Olsen','Deutsche Bank','MU3122566700765023824254251021','G2E3Q663P22'),
			('Hermione Collins','Deutsche Bank','CR7451432193867843421','P6A8K402U53'),
			('Herrod Cote','Deutsche Bank','KZ748884682086276857','C2I6H886U79'),
			('Idola Stout','Deutsche Bank','FR2372815125105018683488071','N6B9W382M24'),
			('Tamekah Weiss','Deutsche Bank','HU13192277244663306178467523','Z3L5L567A88'),
			('Candace Hendrix','Stadtsparkasse München','BG23XFCY24063454447167','I1Q5K828V53'),
			('Tanisha Higgins','Stadtsparkasse München','NL63LNQK1263445166','C4V1D637D86'),
			('Maggy Calderon','Deutsche Bank','TR135526883516893518817249','J6X8B782V80');
GO

/****** Object: Table [dbo].[Department] ******/

INSERT INTO [dbo].[Department]
           ([Name]
           ,[Description]
           ,[Is_Business_Department])
     VALUES
           ('IT', '', 1),
		   ('IT', '', 0),
		   ('Product Development', '', 0),
		   ('Marketing', '', 0),
		   ('Finances', '', 1),
		   ('Controlling', '', 0);
GO

/****** Object: Table [dbo].[Employee] ******/

INSERT INTO [dbo].[Employee]
           ([Person_Id]
           ,[Department_Id]
           ,[Is_Business_Employee]
           ,[Employee_Number]
           ,[Employee_Since])
     VALUES (33,4,1,NULL,NULL),
			(33,5,0,'X1O6P663R41IP8P','January 27 2012'),
			(59,4,1,NULL,NULL),
			(82,4,0,'C4O1D281S81OM4J','January 03 2020'),
			(15,5,1,NULL,NULL),
			(3,2,1,NULL,NULL),
			(91,3,0,'X3R2J514P84VE9T','May 19 2005'),
			(38,4,1,NULL,NULL),
			(49,5,1,NULL,NULL),
			(37,4,0,'W3E8G186K10YH3H','October 19 2006'),
			(29,4,0,'Y6C8F824P27TJ4S','May 14 2018'),
			(82,2,0,'C5V5C557K12YT7P','December 17 2008'),
			(81,2,1,NULL,NULL),
			(93,4,0,'H8U5V218L71JR8A','December 23 2016'),
			(62,5,1,NULL,NULL),
			(51,3,0,'E0K3C891V71SV8P','June 02 2010'),
			(11,3,1,NULL,NULL),
			(27,2,1,NULL,NULL),
			(33,5,0,'G6N0O115D28TC8I','November 17 2023'),
			(58,5,0,'D2R9P160L10DO2R','August 01 2005'),
			(80,4,0,'V3J3A126K23PF6Q','January 14 2022'),
			(16,4,0,'B1Z4R243D27LC9T','July 23 2018'),
			(56,6,1,NULL,NULL),
			(74,4,0,'D7J1I328X95XD2X','March 14 2005'),
			(28,1,1,NULL,NULL),
			(13,4,1,NULL,NULL),
			(42,3,1,NULL,NULL),
			(8,4,1,NULL,NULL),
			(43,5,0,'Q3O2Z788U26QM7V','May 27 2011'),
			(68,5,0,'R1J3E224A83PU2D','February 17 2007'),
			(97,6,0,'I5X1G714M14PD1P','April 25 2019'),
			(17,3,0,'N4N2Y678I63WL4L','May 07 2023'),
			(95,1,1,NULL,NULL),
			(55,2,1,NULL,NULL),
			(45,3,0,'Y3G4Z598N46KS7Z','December 28 2020'),
			(98,6,1,NULL,NULL),
			(75,2,0,'A2Q4W878K31AN1Q','March 30 2022'),
			(5,2,1,NULL,NULL),
			(76,3,1,NULL,NULL),
			(97,5,0,'M2R5I323I88PR7H','March 03 2015'),
			(51,2,1,NULL,NULL),
			(83,2,1,NULL,NULL),
			(50,3,1,NULL,NULL),
			(82,4,1,NULL,NULL),
			(12,5,0,'Q3D8Q418H77SV3D','December 12 2006'),
			(34,5,0,'C5C8Y862W13DT1L','November 18 2005'),
			(84,5,1,NULL,NULL),
			(63,2,0,'L6T8F681C75VY9A','July 24 2008'),
			(9,6,1,NULL,NULL),
			(68,1,1,NULL,NULL),
			(19,6,1,NULL,NULL),
			(48,5,1,NULL,NULL),
			(50,1,0,'Y8N2G770Y17XS5Y','July 05 2014'),
			(20,4,0,'N0N5G785Y60DB6M','January 23 2020'),
			(28,5,1,NULL,NULL),
			(100,3,1,NULL,NULL),
			(12,5,0,'T7Y8P199H26FQ8U','July 11 2012'),
			(62,2,1,NULL,NULL),
			(84,5,0,'U4U8Z260B85SM7D','January 24 2023'),
			(38,3,1,NULL,NULL),
			(60,2,1,NULL,NULL),
			(11,2,1,NULL,NULL),
			(79,6,0,'Z8S4I476S82DK4I','December 15 2023'),
			(8,5,1,NULL,NULL),
			(48,3,1,NULL,NULL),
			(55,3,1,NULL,NULL),
			(53,4,1,NULL,NULL),
			(58,2,0,'J4Q9L457R92WM2Q','June 10 2022'),
			(82,4,0,'F2Q3D108Y36KJ7O','March 14 2013'),
			(17,5,1,NULL,NULL),
			(6,5,0,'B4H8U323B60UZ8R','February 23 2020'),
			(78,4,1,NULL,NULL),
			(49,5,1,NULL,NULL),
			(43,1,1,NULL,NULL),
			(49,6,0,'X3U7B966M46RM5H','May 02 2009'),
			(56,2,1,NULL,NULL),
			(86,3,1,NULL,NULL),
			(56,4,0,'O5V8I209W62HE1E','February 24 2004'),
			(16,1,1,NULL,NULL),
			(84,2,1,NULL,NULL),
			(13,3,0,'N1Q8Q245W80AU3V','April 05 2008'),
			(88,3,1,NULL,NULL),
			(90,3,1,NULL,NULL),
			(80,2,0,'Q8Y6F515Q22GF3D','November 22 2020'),
			(19,3,1,NULL,NULL),
			(34,1,0,'J5Q7W352B67DA9V','April 30 2022'),
			(100,1,0,'I6D3L535B32RX8B','February 17 2005'),
			(35,1,1,NULL,NULL),
			(56,5,1,NULL,NULL),
			(65,1,1,NULL,NULL),
			(42,5,0,'G8F1D139H47GI1L','July 09 2019'),
			(88,3,0,'D9C2P224I66NW7L','June 24 2010'),
			(21,3,0,'T1K8I436V27HR1C','April 26 2017'),
			(53,1,1,NULL,NULL),
			(19,4,0,'Q2W6N215Q75MV6T','December 14 2005'),
			(70,3,1,NULL,NULL),
			(67,4,1,NULL,NULL),
			(82,6,1,NULL,NULL),
			(11,4,1,NULL,NULL),
			(37,3,1,NULL,NULL);
GO

/****** Object: Table [dbo].[Business] ******/

INSERT INTO [dbo].[Business]
           ([Financial_Entity_Id]
           ,[Tax_Number])
     VALUES (1,'5551327275757'),
			(2,'5081454414588'),
			(3,'5395588568723'),
			(4,'5827999937507'),
			(5,'5951814337614'),
			(6,'5651186868351'),
			(7,'5545629063213'),
			(8,'5265362618248'),
			(9,'5861664016932'),
			(10,'5938558817554'),
			(11,'5237741817137'),
			(12,'5838051317922'),
			(13,'5533390538338'),
			(14,'5148269214942'),
			(15,'5128885971170'),
			(16,'5354744531128'),
			(17,'5077412848861'),
			(18,'5622595258371'),
			(19,'5066101443825'),
			(20,'5723235740642'),
			(21,'5671146502948'),
			(22,'5564738367311'),
			(23,'5157895117348'),
			(24,'5690308581476'),
			(25,'5893944638497'),
			(26,'5554678788915'),
			(27,'5865832271359'),
			(28,'5131038276600'),
			(29,'5647367568240'),
			(30,'5956440887458');
GO

/****** Object: Table [dbo].[Business_Client] ******/

INSERT INTO [dbo].[Business_Client]
           ([Business_Id]
           ,[Financial_Entity_Id]
           ,[Client_Number]
           ,[Has_Unpaid_Receivables])
     VALUES (2,79,10086,0),
			(25,74,10238,0),
			(6,74,10201,0),
			(24,50,10021,0),
			(20,75,10136,1),
			(3,92,10043,0),
			(27,65,10077,1),
			(26,79,10216,1),
			(27,62,10153,0),
			(27,32,10172,1),
			(14,83,10109,0),
			(19,64,10268,1),
			(10,37,10078,0),
			(27,62,10007,0),
			(21,93,10003,0),
			(29,42,10258,0),
			(5,89,10233,1),
			(5,67,10214,0),
			(20,43,10111,1),
			(21,57,10091,1),
			(19,98,10181,1),
			(4,99,10274,0),
			(28,84,10272,1),
			(21,71,10253,0),
			(17,42,10037,1),
			(28,61,10216,0),
			(27,36,10071,0),
			(3,60,10242,1),
			(1,82,10000,0),
			(19,37,10257,0),
			(5,95,10072,1),
			(26,52,10145,0),
			(19,84,10249,0),
			(14,46,10222,0),
			(7,51,10058,1),
			(16,90,10138,0),
			(29,76,10267,1),
			(26,43,10180,1),
			(26,78,10255,1),
			(13,83,10047,0),
			(26,63,10254,1),
			(22,93,10205,1),
			(28,39,10121,1),
			(27,44,10253,0),
			(22,59,10169,0),
			(8,45,10019,1),
			(20,92,10004,0),
			(17,44,10117,0),
			(12,45,10075,1),
			(22,84,10244,1),
			(13,56,10112,0),
			(24,47,10036,0),
			(15,76,10133,1),
			(22,64,10144,1),
			(26,94,10058,0),
			(5,67,10009,1),
			(25,53,10068,0),
			(7,57,10208,0),
			(29,45,10221,0),
			(28,38,10205,0),
			(22,60,10196,1),
			(23,65,10263,1),
			(28,74,10182,0),
			(6,69,10101,0),
			(7,76,10276,1),
			(29,80,10254,1),
			(29,60,10115,0),
			(5,76,10169,1),
			(23,54,10171,1),
			(13,34,10078,1),
			(24,99,10090,1),
			(2,91,10116,1),
			(23,45,10265,0),
			(30,92,10224,1),
			(17,54,10124,1),
			(23,49,10044,0),
			(16,93,10097,0),
			(11,72,10183,1),
			(12,73,10281,0),
			(11,36,10282,0),
			(9,91,10193,0),
			(20,87,10119,0),
			(25,88,10004,1),
			(25,84,10063,0),
			(25,92,10228,1),
			(26,35,10059,0),
			(24,87,10121,1),
			(19,93,10124,0),
			(3,54,10220,0),
			(2,40,10131,0),
			(29,77,10134,0),
			(18,46,10187,0),
			(6,61,10205,0),
			(5,79,10088,1),
			(29,55,10260,1),
			(8,72,10218,1),
			(24,67,10267,0),
			(5,58,10181,1),
			(23,90,10010,1),
			(14,94,10063,0);
GO

/****** Object: Table [dbo].[Business_Service_Junction] ******/

INSERT INTO [dbo].[Business_Service_Junction]
           ([Business_Id]
           ,[Service_Id]
           ,[Rate])
     VALUES (9,5,496),
			(8,5,154),
			(26,6,395),
			(8,5,500),
			(12,6,75),
			(8,2,361),
			(6,2,217),
			(4,8,688),
			(2,5,380),
			(19,4,87),
			(6,2,651),
			(3,6,419),
			(28,3,320),
			(28,2,394),
			(18,5,147),
			(28,6,192),
			(26,6,496),
			(18,8,326),
			(28,5,375),
			(19,6,106),
			(10,3,350),
			(13,1,55),
			(3,6,140),
			(14,2,642),
			(16,4,462),
			(7,4,164),
			(30,4,533),
			(29,6,253),
			(15,5,578),
			(5,4,99),
			(29,5,124),
			(3,3,235),
			(6,6,453),
			(6,2,434),
			(6,3,382),
			(30,6,627),
			(27,5,634),
			(6,2,186),
			(23,1,627),
			(20,5,261),
			(17,4,674),
			(17,3,643),
			(26,5,593),
			(29,8,184),
			(29,1,103),
			(18,6,94),
			(11,6,583),
			(15,4,98),
			(9,7,642),
			(5,5,254),
			(23,6,116),
			(1,4,310),
			(11,5,84),
			(7,7,636),
			(4,5,497),
			(1,1,568),
			(3,7,337),
			(4,7,668),
			(26,3,90),
			(20,5,548),
			(26,4,74),
			(10,3,212),
			(6,3,511),
			(5,2,415),
			(8,7,451),
			(17,8,535),
			(22,8,699),
			(29,5,259),
			(5,6,651),
			(28,4,544),
			(27,4,355),
			(15,2,256),
			(26,7,661),
			(9,3,696),
			(13,5,451),
			(13,6,636),
			(26,4,493),
			(22,1,530),
			(4,5,592),
			(13,4,124),
			(29,2,535),
			(16,6,90),
			(4,3,151),
			(6,6,86),
			(9,8,51),
			(20,4,518),
			(25,6,515),
			(17,4,555),
			(26,5,678),
			(6,7,315),
			(9,7,368),
			(23,4,392),
			(23,1,207),
			(18,3,62),
			(4,4,234),
			(18,6,108),
			(29,8,410),
			(29,2,80),
			(22,3,225),
			(6,7,68),
			(23,7,254),
			(7,2,593),
			(17,2,185),
			(15,4,695),
			(16,4,221),
			(11,1,193),
			(2,6,352),
			(7,7,482),
			(20,6,600),
			(27,6,140),
			(11,7,604),
			(9,8,401),
			(24,5,666),
			(25,2,352),
			(7,2,494),
			(4,2,570),
			(22,1,426),
			(2,7,473),
			(22,6,333),
			(28,4,352),
			(29,3,549),
			(7,8,497),
			(25,3,60),
			(22,1,556),
			(19,4,287),
			(13,7,597),
			(8,6,368),
			(3,4,92),
			(24,3,505),
			(28,3,676),
			(27,6,168),
			(16,2,320),
			(13,3,149),
			(30,7,439),
			(14,7,95),
			(7,7,410),
			(1,6,87),
			(13,4,220),
			(16,1,496),
			(18,4,577),
			(28,5,87),
			(17,6,516),
			(26,7,129),
			(10,2,103),
			(2,4,349),
			(3,7,634),
			(10,2,405),
			(28,5,109),
			(4,8,104),
			(17,6,392),
			(4,6,257),
			(12,6,388),
			(4,7,141),
			(8,3,313),
			(20,6,623),
			(11,4,645),
			(27,2,604),
			(23,7,367),
			(9,3,619),
			(19,5,462),
			(6,6,652),
			(12,4,274),
			(4,2,160),
			(26,2,270),
			(6,1,177),
			(2,6,198),
			(21,1,103),
			(12,3,304),
			(22,3,99),
			(6,6,522),
			(28,3,453),
			(20,6,180),
			(20,2,107),
			(13,7,540),
			(24,2,664),
			(3,8,615),
			(10,2,102),
			(1,3,407),
			(23,3,428),
			(15,3,651),
			(25,1,663),
			(23,4,150),
			(25,2,260),
			(28,3,348),
			(16,2,330),
			(10,5,314),
			(12,8,297),
			(14,7,108),
			(4,3,573),
			(6,2,131),
			(5,3,543),
			(8,4,134),
			(15,1,552),
			(15,5,694),
			(29,5,632),
			(3,8,336),
			(21,4,594),
			(7,6,308),
			(17,4,271),
			(16,7,648),
			(11,8,297),
			(4,7,409),
			(23,4,368),
			(5,3,499),
			(13,7,520),
			(4,4,661),
			(10,1,577),
			(22,7,644),
			(22,5,264),
			(26,7,138),
			(11,4,606),
			(16,6,520),
			(26,5,232),
			(8,6,690),
			(22,4,410),
			(28,7,536),
			(20,5,263),
			(24,7,393),
			(17,1,151),
			(28,4,556),
			(14,2,592),
			(23,2,445),
			(3,4,60),
			(5,2,92),
			(2,2,69),
			(11,3,196),
			(25,2,63),
			(7,3,581),
			(26,2,198),
			(25,3,123),
			(6,5,518),
			(23,5,605),
			(3,6,179),
			(15,6,122),
			(6,3,451),
			(12,5,666),
			(25,1,327),
			(4,2,326),
			(15,4,504),
			(25,6,344);
GO

/****** Object: Table [dbo].[Invoice] ******/

INSERT INTO [dbo].[Invoice]
           ([Invoice_Number]
           ,[Business_Id]
           ,[Client_Id]
           ,[Client_Number]
           ,[Payment_Deadline]
           ,[Tax_Id]
           ,[Tax_Amount]
		   ,[Total_Price]
           ,[Status_Id]
           ,[Payment_Target])
     VALUES ('201303054',6,14,10007,18,2,0.16,6000.00,2,61),
			('201609330',3,23,10272,29,2,0.14,5000.00,1,7),
			('201803171',8,83,10004,16,1,0.16,4000.00,2,83),
			('201709931',16,12,10268,19,1,0.16,3000.00,3,34),
			('201204209',27,92,10187,29,1,0.19,1000.00,2,59),
			('201705274',6,30,10257,26,2,0.18,3000.00,2,10),
			('201902438',13,31,10072,27,1,0.18,21000.00,3,71),
			('201400541',3,20,10091,16,1,0.17,13000.00,2,90),
			('201402270',23,29,10000,30,2,0.17,13000.00,2,20),
			('201306722',20,84,10063,26,2,0.15,13000.00,3,24),
			('201703813',11,82,10119,16,2,0.15,13000.00,3,68),
			('201809238',20,90,10131,25,1,0.16,13000.00,3,29),
			('201704978',5,73,10265,22,1,0.16,13000.00,3,78),
			('201707522',3,90,10131,28,2,0.15,13000.00,2,35),
			('201503586',28,98,10181,20,2,0.18,13000.00,1,30),
			('201703862',9,47,10004,26,2,0.19,13000.00,1,54),
			('201302117',19,99,10010,17,2,0.15,13000.00,2,43),
			('201302916',10,32,10145,27,1,0.16,11000.00,1,21),
			('201804531',14,25,10037,25,1,0.15,17000.00,2,97),
			('201301526',15,89,10220,29,1,0.16,19000.00,1,5),
			('201704397',13,21,10181,21,2,0.17,23000.00,2,2),
			('201402674',14,54,10144,28,1,0.17,43000.00,3,9),
			('201502520',18,71,10090,20,1,0.16,3000.00,1,43),
			('201209861',9,20,10091,17,1,0.14,1000.00,1,8),
			('201408858',19,11,10109,25,2,0.17,1000.00,2,12),
			('201501823',6,63,10182,24,1,0.13,3000.00,1,22),
			('201408342',15,33,10249,22,1,0.16,1000.00,3,2),
			('201104801',25,75,10124,24,1,0.13,3000.00,1,88),
			('201402541',14,62,10263,17,1,0.16,5000.00,2,25),
			('201807368',3,9,10153,19,1,0.16,7000.00,1,93);
GO

/****** Object: Table [dbo].[Order] ******/

INSERT INTO [dbo].[Order]
           ([Invoice_Number]
           ,[Business_Service_Junction_Id]
           ,[Date]
		   ,[Quantity_In_Hours]
		   ,[Total_Price])
     VALUES ('201303054',27,'February 05 2023',8,4264.41),
			('201303054',211,'March 17 2023',5,4264.00),
			('201303054',192,'April 14 2023',6,2132.00),
			('201609330',229,'October 08 2023',7,2132.00),
			('201609330',240,'April 15 2023',8,2132.00),
			('201609330',181,'May 08 2023',4,2132.00),
			('201803171',69,'June 12 2023',5,2132.00),
			('201709931',22,'June 28 2023',1,2132.00),
			('201204209',98,'August 08 2023',3,2132.00),
			('201705274',136,'July 02 2023',5,2132.00),
			('201902438',17,'September 14 2023',6,2132.00),
			('201400541',183,'July 07 2023',5,2132.00),
			('201306722',111,'April 02 2023',8,2132.00),
			('201703813',184,'September 23 2023',8,2132.00),
			('201809238',42,'August 02 2023',8,2132.00),
			('201704978',155,'November 12 2023',8,2132.00),
			('201704978',154,'October 23 2023',8,2132.00),
			('201704978',83,'March 08 2023',8,2132.00),
			('201704978',52,'August 18 2023',8,2132.00),
			('201704978',161,'October 06 2023',8,2132.00),
			('201704978',220,'August 24 2023',8,2132.00),
			('201707522',5,'October 05 2023',8,2132.00),
			('201707522',148,'July 05 2023',8,2132.00),
			('201707522',13,'October 20 2023',8,2132.00),
			('201503586',119,'July 03 2023',8,2132.00),
			('201503586',67,'March 27 2023',8,2132.00),
			('201503586',138,'December 24 2023',8,2132.00),
			('201503586',12,'April 10 2023',8,2132.00),
			('201703862',212,'October 24 2023',8,2132.00),
			('201703862',56,'October 08 2023',8,2132.00),
			('201302117',50,'October 22 2023',8,2132.00),
			('201302916',134,'July 27 2023',8,2132.00),
			('201804531',71,'February 28 2023',8,2132.00),
			('201804531',173,'April 09 2023',8,2132.00),
			('201301526',183,'October 05 2023',8,2132.00),
			('201301526',169,'April 21 2023',8,2132.00),
			('201704397',30,'March 20 2023',8,2132.00),
			('201402674',135,'November 10 2023',8,2132.00),
			('201502520',210,'June 11 2023',8,2132.00),
			('201209861',133,'February 26 2023',8,2132.00),
			('201408858',237,'September 11 2023',8,2132.00),
			('201501823',83,'October 04 2023',8,2132.00),
			('201408342',209,'March 03 2023',8,2132.00),
			('201104801',169,'November 11 2023',8,2132.00),
			('201402541',68,'September 25 2023',8,2132.00),
			('201807368',58,'November 04 2023',8,2132.00),
			('201209861',194,'January 06 2023',8,2132.00),
			('201209861',69,'August 06 2023',8,2132.00),
			('201209861',94,'August 13 2023',8,2132.00),
			('201209861',17,'August 02 2023',8,2132.00),
			('201209861',73,'February 07 2023',8,2132.00),
			('201209861',74,'December 22 2023',8,2132.00),
			('201209861',237,'September 09 2023',8,2132.00),
			('201209861',170,'May 08 2023',8,2132.00),
			('201209861',47,'January 08 2023',8,2132.00),
			('201209861',2,'March 24 2023',8,2132.00),
			('201209861',226,'October 11 2023',8,2132.00),
			('201209861',135,'March 25 2023',8,2132.00),
			('201209861',46,'July 05 2023',8,2132.00),
			('201209861',16,'February 27 2023',8,2132.00);
GO











